<?xml version="1.0" encoding="UTF-8" ?>
<!DOCTYPE mapper PUBLIC "-//mybatis.org//DTD Mapper 3.0//EN"
        "http://mybatis.org/dtd/mybatis-3-mapper.dtd">
<mapper namespace="kr.or.kosa.mapper.UserMapper">
    
    <resultMap type="Users" id="userMap">
        <id     property="userNo"  column="user_no" />
        <result property="userId"  column="user_id" />
        <result property="userPw"  column="user_pw" />
        <result property="name"    column="name" />
        <result property="email"   column="email" />
        <result property="enabled" column="enabled" />
        <result property="regDate" column="reg_date" />
        <result property="updDate" column="upd_date" />

        <collection property="authList" resultMap="authMap"></collection>
    </resultMap>
    <!--  
    	List<UserAuth> authList  구현 >> collection<authMap> 
    -->
    <resultMap type="UserAuth" id="authMap">
        <result property="userId" column="user_id" />
        <result property="auth" column="auth" />
    </resultMap>

    <!-- 회원 조회 - id 
    parameterType="String" 생략 가능 
    -->
    <select id="login" resultMap="userMap">
        SELECT u.user_no
        ,u.user_id
        ,user_pw
        ,name
        ,email
        ,enabled
        ,reg_date
        ,upd_date
        ,auth
        FROM user u  JOIN user_auth auth ON u.user_id = auth.user_id
        WHERE u.user_id = #{userId}
    </select>
</mapper>